-- Sample SQLite database for Movie Ticket Booking App

-- Users
INSERT INTO user (id, username, password, location, role, interests) VALUES
(1, 'admin', 'adminpass', 'New York', 'admin', 'action,comedy'),
(2, 'rep1', 'reppass1', 'New York', 'representative', 'drama,romance'),
(3, 'rep2', 'reppass2', 'Los Angeles', 'representative', 'action,thriller'),
(4, 'john_doe', 'userpass1', 'New York', 'user', 'action,comedy'),
(5, 'jane_smith', 'userpass2', 'Los Angeles', 'user', 'drama,romance'),
(6, 'alice_wong', 'userpass3', 'New York', 'user', 'comedy,romance'),
(7, 'bob_lee', 'userpass4', 'Los Angeles', 'user', 'action,thriller'),
(8, 'rep3', 'reppass3', 'Chicago', 'representative', 'comedy,action'),
(9, 'charlie_kim', 'userpass5', 'Chicago', 'user', 'comedy,action'),
(10, 'diana_ross', 'userpass6', 'Chicago', 'user', 'romance,drama');

-- Theatres
INSERT INTO theatre (id, name, location, representative_id) VALUES
(1, 'NYC Grand Cinema', 'New York', 2),
(2, 'LA Movie Palace', 'Los Angeles', 3),
(3, 'Chicago Film Center', 'Chicago', 8);

-- Movies
INSERT INTO movie (id, title, popularity) VALUES
(1, 'Action Blast', 120),
(2, 'Romantic Escape', 95),
(3, 'Comedy Night', 110),
(4, 'Thriller Zone', 80),
(5, 'Drama Heights', 90),
(6, 'Epic Adventure', 130),
(7, 'Family Fun', 100),
(8, 'Saanam Re', 150),
(9, '3 Idiots', 150),
(10, '96', 85),
(11, 'Mother India', 140),
(12, 'Mughal-E-Azam', 135),
(13, 'Sholay', 160),
(14, 'Anand', 120),
(15, 'Pyaasa', 110),
(16, 'Guide', 115),
(17, 'Lagaan: Once Upon a Time in India', 145),
(18, 'Andaz Apna Apna', 125),
(19, 'Gangs of Wasseypur', 130),
(20, 'Taare Zameen Par', 128),
(21, 'Zindagi Na Milegi Dobara', 132),
(22, 'Kahaani', 118),
(23, 'Queen', 119),
(24, 'Black', 117),
(25, 'Rang De Basanti', 138),
(26, 'Swades', 121),
(27, 'Barfi!', 123),
(28, 'Article 15', 116),
(29, 'RRR (Hindi Dubbed)', 155),
(30, 'Deewaar', 120),
(31, 'Don', 125),
(32, 'Bobby', 110),
(33, 'Mera Naam Joker', 115),
(34, 'Pakeezah', 108),
(35, 'Purab Aur Paschim', 109),
(36, 'Kati Patang', 112),
(37, 'Guddi', 111),
(38, 'Hare Rama Hare Krishna', 113),
(39, 'Abhimaan', 114),
(40, 'Yaadon Ki Baaraat', 116),
(41, 'Garm Hawa', 117),
(42, 'Roti Kapda Aur Makaan', 118),
(43, 'Chupke Chupke', 119),
(44, 'Aandhi', 120),
(45, 'Trishul', 121),
(46, 'Muqaddar Ka Sikandar', 122),
(47, 'Johny Mera Naam', 123),
(48, 'Bawarchi', 124),
(49, 'Dangal', 160),
(50, 'Pink', 126),
(51, 'Udta Punjab', 127),
(52, 'Talvar', 128),
(53, 'Tanu Weds Manu Returns', 129),
(54, 'The Dirty Picture', 130),
(55, 'A Wednesday', 131),
(56, 'Thappad', 132),
(57, 'Parched', 133),
(58, 'Gully Boy', 134),
(59, 'Veer-Zaara', 135),
(60, 'Umrao Jaan', 136),
(61, 'Salaam Bombay!', 137),
(62, 'Yeh Jawaani Hai Deewani', 138),
(63, 'Chak De! India', 139),
(64, 'Jab We Met', 140),
(65, 'Dil Chahta Hai', 141),
(66, 'Ardh Satya', 142),
(67, 'Ankur', 143),
(68, 'Dunki', 144),
(69, 'Joram', 145),
(70, 'Laapataa Ladies', 146),
(71, 'Maidaan', 147),
(72, 'Amar Singh Chamkila', 148),
(73, 'Srikanth', 149),
(74, 'Stree 2', 150),
(75, 'Tikdam', 151),
(76, 'Berlin', 152),
(77, 'Anuja', 153),
(78, 'The Mehta Boys', 154),
(79, 'Crazxy', 155),
(80, 'Tanvi: The Great', 156),
(81, 'All That Breathes', 157),
(82, 'Superboys of Malegaon', 158),
(83, 'Satyagraha', 159),
(84, 'Tanu Weds Manu', 160),
(85, 'Raazi', 161),
(86, 'Rockstar', 162),
(87, 'Highway', 163),
(88, 'Badhaai Ho', 164);

-- Shows
INSERT INTO show (id, theatre_id, movie_id, timing, price, seats) VALUES
(1, 1, 1, '2025-08-04 18:00', 12.5, 50),
(2, 1, 2, '2025-08-04 20:30', 10.0, 40),
(3, 2, 3, '2025-08-04 19:00', 11.0, 60),
(4, 2, 4, '2025-08-04 21:00', 13.0, 55),
(5, 3, 5, '2025-08-04 17:00', 9.5, 45),
(6, 3, 6, '2025-08-04 19:30', 14.0, 50),
(7, 3, 7, '2025-08-04 21:00', 8.0, 40);

-- Bookings
INSERT INTO booking (id, user_id, show_id, seat_number) VALUES
(1, 4, 1, 10),
(2, 5, 3, 15),
(3, 6, 2, 5),
(4, 7, 4, 20),
(5, 9, 5, 12),
(6, 10, 7, 8);
